,Best Val F1,Final Val F1
CNN-Transformer,0.45704197312643285,0.45704197312643285
BiLSTM,0.5640507506897144,0.5640507506897144
